0, 00000000000000000000000000000000, 0
1, 01000001101111001111010111000011, 0
2, 01000001101111011000010100011111, 0
3, 01000001101111100000000000000000, 0
4, 01000001101111100111101011100001, 0
5, 01000001101111100111101011100001, 0
6, 01000001101111101111010111000011, 0
7, 01000001101111101111010111000011, 0
8, 01000001101111101111010111000011, 0
9, 01000001101111111000010100011111, 0
10, 01000001101111111000010100011111, 0
11, 01000001110000000000000000000000, 0
12, 01000001110000000111101011100001, 0
13, 01000001110000000111101011100001, 0
14, 01000001110000000111101011100001, 0
15, 01000001110000001111010111000011, 0
16, 01000001110000001111010111000011, 0
17, 01000001110000001111010111000011, 0
18, 01000001110000011000010100011111, 0
19, 01000001110000001111010111000011, 0
20, 01000001110000001111010111000011, 0
21, 01000001110000011000010100011111, 0
22, 01000001110000100000000000000000, 0
23, 01000001110000100000000000000000, 0
24, 01000001110000100000000000000000, 0
25, 01000001110000100000000000000000, 0
26, 01000001110000100111101011100001, 0
27, 01000001110000100000000000000000, 0
28, 01000001110000100000000000000000, 0
29, 01000001110000100111101011100001, 0
30, 01000001110000100111101011100001, 0
31, 01000001110000101111010111000011, 0
32, 01000001110000101111010111000011, 0
33, 01000001110000101111010111000011, 0
34, 01000001110000111000010100011111, 0
35, 01000001110000111000010100011111, 0
36, 01000001110001000000000000000000, 0
37, 01000001110000111000010100011111, 0
38, 01000001110000111000010100011111, 0
39, 01000001110000111000010100011111, 0
40, 01000001110001000000000000000000, 0
41, 01000001110001000000000000000000, 0
42, 01000001110001000000000000000000, 0
43, 01000001110001000000000000000000, 0
44, 01000001110000111000010100011111, 0
45, 01000001110001000000000000000000, 0
46, 01000001110001000000000000000000, 0
47, 01000001110001000000000000000000, 0
48, 01000001110001000111101011100001, 0
49, 01000001110001000111101011100001, 0
50, 01000001110001000111101011100001, 0
51, 01000001110001000111101011100001, 0
52, 01000001110001000111101011100001, 0
53, 01000001110001000111101011100001, 0
54, 01000001110001000111101011100001, 0
55, 01000001110001001111010111000011, 0
56, 01000001110001000111101011100001, 0
57, 01000001110001001111010111000011, 0
58, 01000001110001001111010111000011, 0
59, 01000001110001001111010111000011, 0
60, 01000001110001001111010111000011, 0
61, 01000001110001000111101011100001, 0
62, 01000001110001000111101011100001, 0
63, 01000001110001001111010111000011, 0
64, 01000001110001001111010111000011, 0
65, 01000001110001001111010111000011, 0
66, 01000001110001001111010111000011, 0
67, 01000001110001011000010100011111, 0
68, 01000001110001001111010111000011, 0
69, 01000001110001001111010111000011, 0
70, 01000001110001011000010100011111, 0
71, 01000001110001001111010111000011, 0
72, 01000001110001001111010111000011, 0
73, 01000001110001011000010100011111, 0
74, 01000001110001011000010100011111, 0
75, 01000001110001011000010100011111, 0
76, 01000001110001011000010100011111, 0
77, 01000001110001011000010100011111, 0
78, 01000001110001001111010111000011, 0
79, 01000001110001011000010100011111, 0
80, 01000001110001011000010100011111, 0
81, 01000001110001011000010100011111, 0
82, 01000001110001011000010100011111, 0
83, 01000001110001001111010111000011, 0
84, 01000001110001011000010100011111, 0
85, 01000001110001001111010111000011, 0
86, 01000001110001001111010111000011, 0
87, 01000001110001011000010100011111, 0
88, 01000001110001001111010111000011, 0
89, 01000001110001011000010100011111, 0
90, 01000001110001011000010100011111, 0
91, 01000001110001011000010100011111, 0
92, 01000001110001011000010100011111, 0
93, 01000001110001011000010100011111, 0
94, 01000001110001011000010100011111, 0
95, 01000001110001100000000000000000, 0
96, 01000001110001011000010100011111, 0
97, 01000001110001100000000000000000, 0
98, 01000001110001011000010100011111, 0
99, 01000001110001011000010100011111, 0
100, 01000001110001100000000000000000, 0
101, 01000001110001011000010100011111, 0
102, 01000001110001011000010100011111, 0
103, 01000001110001001111010111000011, 0
104, 01000001110001001111010111000011, 0
105, 01000001110001011000010100011111, 0
106, 01000001110001011000010100011111, 0
107, 01000001110001011000010100011111, 0
108, 01000001110001011000010100011111, 0
109, 01000001110001011000010100011111, 0
110, 01000001110001011000010100011111, 0
111, 01000001110001011000010100011111, 0
112, 01000001110001011000010100011111, 0
113, 01000001110001100000000000000000, 0
114, 01000001110001100000000000000000, 0
115, 01000001110001100000000000000000, 0
116, 01000001110001100000000000000000, 0
117, 01000001110001100000000000000000, 0
118, 01000001110001100000000000000000, 0
119, 01000001110001100000000000000000, 0
120, 01000001110001100111101011100001, 0
121, 01000001110001100111101011100001, 0
122, 01000001110001100111101011100001, 0
123, 01000001110001100000000000000000, 0
124, 01000001110001100000000000000000, 0
125, 01000001110001100111101011100001, 0
126, 01000001110001100111101011100001, 0
127, 01000001110001100111101011100001, 0
128, 01000001110001100111101011100001, 0
129, 01000001110001100111101011100001, 0
130, 01000001110001100111101011100001, 0
131, 01000001110001100111101011100001, 0
132, 01000001110001100111101011100001, 0
133, 01000001110001100111101011100001, 0
134, 01000001110001100111101011100001, 0
135, 01000001110001101111010111000011, 0
136, 01000001110001101111010111000011, 0
137, 01000001110001101111010111000011, 0
138, 01000001110001101111010111000011, 0
139, 01000001110001111000010100011111, 0
140, 01000001110001101111010111000011, 0
141, 01000001110001101111010111000011, 0
142, 01000001110001101111010111000011, 0
143, 01000001110001101111010111000011, 0
144, 01000001110001101111010111000011, 0
145, 01000001110001101111010111000011, 0
146, 01000001110001101111010111000011, 0
147, 01000001110001101111010111000011, 0
148, 01000001110001111000010100011111, 0
149, 01000001110001111000010100011111, 0
150, 01000001110001111000010100011111, 0
151, 01000001110001101111010111000011, 0
152, 01000001110001111000010100011111, 0
153, 01000001110010000000000000000000, 0
154, 01000001110010000000000000000000, 0
155, 01000001110001111000010100011111, 0
156, 01000001110001111000010100011111, 0
157, 01000001110001111000010100011111, 0
158, 01000001110010000000000000000000, 0
159, 01000001110010000000000000000000, 0
160, 01000001110001111000010100011111, 0
161, 01000001110001101111010111000011, 0
162, 01000001110001111000010100011111, 0
163, 01000001110010000000000000000000, 0
164, 01000001110001111000010100011111, 0
165, 01000001110001111000010100011111, 0
166, 01000001110001111000010100011111, 0
167, 01000001110001111000010100011111, 0
168, 01000001110010000000000000000000, 0
169, 01000001110001111000010100011111, 0
170, 01000001110010000000000000000000, 0
171, 01000001110010000000000000000000, 0
172, 01000001110001111000010100011111, 0
173, 01000001110001111000010100011111, 0
174, 01000001110001111000010100011111, 0
175, 01000001110001111000010100011111, 0
176, 01000001110001111000010100011111, 0
177, 01000001110001111000010100011111, 0
178, 01000001110010000000000000000000, 0
179, 01000001110001111000010100011111, 0
180, 01000001110010000000000000000000, 0
181, 01000001110010000000000000000000, 0
182, 01000001110010000111101011100001, 0
183, 01000001110010000000000000000000, 0
184, 01000001110010000000000000000000, 0
185, 01000001110010000000000000000000, 0
186, 01000001110010000000000000000000, 0
187, 01000001110010000111101011100001, 0
188, 01000001110010000000000000000000, 0
189, 01000001110010000000000000000000, 0
190, 01000001110010000000000000000000, 0
191, 01000001110010000000000000000000, 0
192, 01000001110010000000000000000000, 0
193, 01000001110010000111101011100001, 0
194, 01000001110010000000000000000000, 0
195, 01000001110010000111101011100001, 0
196, 01000001110010000000000000000000, 0
197, 01000001110010000000000000000000, 0
198, 01000001110010000000000000000000, 0
199, 01000001110010000000000000000000, 0
200, 01000001110010000000000000000000, 0
201, 01000001110010000000000000000000, 0
202, 01000001110010000000000000000000, 0
203, 01000001110010000000000000000000, 0
204, 01000001110010000000000000000000, 0
205, 01000001110010000000000000000000, 0
206, 01000001110010000000000000000000, 0
207, 01000001110010000000000000000000, 0
208, 01000001110010000000000000000000, 0
209, 01000001110010000000000000000000, 0
210, 01000001110001111000010100011111, 0
211, 01000001110001111000010100011111, 0
212, 01000001110010000000000000000000, 0
213, 01000001110001111000010100011111, 0
214, 01000001110010000000000000000000, 0
215, 01000001110010000000000000000000, 0
216, 01000001110010000000000000000000, 0
217, 01000001110010000000000000000000, 0
218, 01000001110010000000000000000000, 0
219, 01000001110010000000000000000000, 0
220, 01000001110001111000010100011111, 0
221, 01000001110010000000000000000000, 0
222, 01000001110010000000000000000000, 0
223, 01000001110010000000000000000000, 0
224, 01000001110001111000010100011111, 0
225, 01000001110010000000000000000000, 0
226, 01000001110010000000000000000000, 0
227, 01000001110010000000000000000000, 0
228, 01000001110010000000000000000000, 0
229, 01000001110010000111101011100001, 0
230, 01000001110010000000000000000000, 0
231, 01000001110010000111101011100001, 0
232, 01000001110010000111101011100001, 0
233, 01000001110010000111101011100001, 0
234, 01000001110010000111101011100001, 0
235, 01000001110010000111101011100001, 0
236, 01000001110010000111101011100001, 0
237, 01000001110010001111010111000011, 0
238, 01000001110010001111010111000011, 0
239, 01000001110010001111010111000011, 0
240, 01000001110010001111010111000011, 0
241, 01000001110010001111010111000011, 0
242, 01000001110010001111010111000011, 0
243, 01000001110010001111010111000011, 0
244, 01000001110010001111010111000011, 0
245, 01000001110010011000010100011111, 0
246, 01000001110010011000010100011111, 0
247, 01000001110010011000010100011111, 0
248, 01000001110010011000010100011111, 0
249, 01000001110010011000010100011111, 0
250, 01000001110010011000010100011111, 0
251, 01000001110010011000010100011111, 0
252, 01000001110010100000000000000000, 0
253, 01000001110010011000010100011111, 0
254, 01000001110010011000010100011111, 0
255, 01000001110010100000000000000000, 0
256, 01000001110010100000000000000000, 0
257, 01000001110010100000000000000000, 0
258, 01000001110010011000010100011111, 0
259, 01000001110010011000010100011111, 0
260, 01000001110010011000010100011111, 0
261, 01000001110010100000000000000000, 0
262, 01000001110010100000000000000000, 0
263, 01000001110010100000000000000000, 0
264, 01000001110010100000000000000000, 0
265, 01000001110010100000000000000000, 0
266, 01000001110010100000000000000000, 0
267, 01000001110010100000000000000000, 0
268, 01000001110010100000000000000000, 0
269, 01000001110010100000000000000000, 0
270, 01000001110010100000000000000000, 0
271, 01000001110010100000000000000000, 0
272, 01000001110010100000000000000000, 0
273, 01000001110010100111101011100001, 0
274, 01000001110010100000000000000000, 0
275, 01000001110010100111101011100001, 0
276, 01000001110010100111101011100001, 0
277, 01000001110010100111101011100001, 0
278, 01000001110010101111010111000011, 0
279, 01000001110010101111010111000011, 0
280, 01000001110010100111101011100001, 0
281, 01000001110010101111010111000011, 0
282, 01000001110010101111010111000011, 0
283, 01000001110010111000010100011111, 0
284, 01000001110010101111010111000011, 0
285, 01000001110010101111010111000011, 0
286, 01000001110010101111010111000011, 0
287, 01000001110010111000010100011111, 0
288, 01000001110010111000010100011111, 0
289, 01000001110010111000010100011111, 0
290, 01000001110010111000010100011111, 0
291, 01000001110011000000000000000000, 0
292, 01000001110010111000010100011111, 0
293, 01000001110010111000010100011111, 0
294, 01000001110010111000010100011111, 0
295, 01000001110010111000010100011111, 0
296, 01000001110010111000010100011111, 0
297, 01000001110011000000000000000000, 0
298, 01000001110010111000010100011111, 0
299, 01000001110010111000010100011111, 0
300, 01000001110011000000000000000000, 0
301, 01000001110011000000000000000000, 0
302, 01000001110010111000010100011111, 0
303, 01000001110011000000000000000000, 0
304, 01000001110010111000010100011111, 0
305, 01000001110011000000000000000000, 0
306, 01000001110011000000000000000000, 0
307, 01000001110011000000000000000000, 0
308, 01000001110011000000000000000000, 0
309, 01000001110011000000000000000000, 0
310, 01000001110011000000000000000000, 0
311, 01000001110011000000000000000000, 0
312, 01000001110011000000000000000000, 0
313, 01000001110011000000000000000000, 0
314, 01000001110011000000000000000000, 0
315, 01000001110010111000010100011111, 0
316, 01000001110010111000010100011111, 0
317, 01000001110010111000010100011111, 0
318, 01000001110010111000010100011111, 0
319, 01000001110010111000010100011111, 0
320, 01000001110010111000010100011111, 0
321, 01000001110010111000010100011111, 0
322, 01000001110010111000010100011111, 0
323, 01000001110011000111101011100001, 0
324, 01000001110011000000000000000000, 0
325, 01000001110011000000000000000000, 0
326, 01000001110011000000000000000000, 0
327, 01000001110011000000000000000000, 0
328, 01000001110011000000000000000000, 0
329, 01000001110010111000010100011111, 0
330, 01000001110010111000010100011111, 0
331, 01000001110010111000010100011111, 0
332, 01000001110010101111010111000011, 0
333, 01000001110010111000010100011111, 0
334, 01000001110010101111010111000011, 0
335, 01000001110010111000010100011111, 0
336, 01000001110010101111010111000011, 0
337, 01000001110010101111010111000011, 0
338, 01000001110010101111010111000011, 0
339, 01000001110010101111010111000011, 0
340, 01000001110010101111010111000011, 0
341, 01000001110010101111010111000011, 0
342, 01000001110010101111010111000011, 0
343, 01000001110010101111010111000011, 0
344, 01000001110010101111010111000011, 0
345, 01000001110010100111101011100001, 0
346, 01000001110010101111010111000011, 0
347, 01000001110010101111010111000011, 0
348, 01000001110010101111010111000011, 0
349, 01000001110010101111010111000011, 0
350, 01000001110010100111101011100001, 0
351, 01000001110010100111101011100001, 0
352, 01000001110010100111101011100001, 0
353, 01000001110010100111101011100001, 0
354, 01000001110010101111010111000011, 0
355, 01000001110010101111010111000011, 0
356, 01000001110010100111101011100001, 0
357, 01000001110010101111010111000011, 0
358, 01000001110010100111101011100001, 0
359, 01000001110010101111010111000011, 0
360, 01000001110010101111010111000011, 0
361, 01000001110010100111101011100001, 0
362, 01000001110010100111101011100001, 0
363, 01000001110010100111101011100001, 0
364, 01000001110010100111101011100001, 0
365, 01000001110010101111010111000011, 0
366, 01000001110010100111101011100001, 0
367, 01000001110010101111010111000011, 0
368, 01000001110010101111010111000011, 0
369, 01000001110010100111101011100001, 0
370, 01000001110010100111101011100001, 0
371, 01000001110010101111010111000011, 0
372, 01000001110010101111010111000011, 0
373, 01000001110010101111010111000011, 0
374, 01000001110010101111010111000011, 0
375, 01000001110010101111010111000011, 0
376, 01000001110010101111010111000011, 0
377, 01000001110010101111010111000011, 0
378, 01000001110010101111010111000011, 0
379, 01000001110010101111010111000011, 0
380, 01000001110010101111010111000011, 0
381, 01000001110010100111101011100001, 0
382, 01000001110010111000010100011111, 0
383, 01000001110010101111010111000011, 0
384, 01000001110010101111010111000011, 0
385, 01000001110010101111010111000011, 0
386, 01000001110010101111010111000011, 0
387, 01000001110010100111101011100001, 0
388, 01000001110010101111010111000011, 0
389, 01000001110010101111010111000011, 0
390, 01000001110010101111010111000011, 0
391, 01000001110010100111101011100001, 0
392, 01000001110010101111010111000011, 0
393, 01000001110010101111010111000011, 0
394, 01000001110010101111010111000011, 0
395, 01000001110010100111101011100001, 0
396, 01000001110010101111010111000011, 0
397, 01000001110010101111010111000011, 0
398, 01000001110010100111101011100001, 0
399, 01000001110010100000000000000000, 0
400, 01000001110010100111101011100001, 0
401, 01000001110010100111101011100001, 0
402, 01000001110010100000000000000000, 0
403, 01000001110010100111101011100001, 0
404, 01000001110010100000000000000000, 0
405, 01000001110010100111101011100001, 0
406, 01000001110010100000000000000000, 0
407, 01000001110010100111101011100001, 0
408, 01000001110010100111101011100001, 0
409, 01000001110010100111101011100001, 0
410, 01000001110010100111101011100001, 0
411, 01000001110010100111101011100001, 0
412, 01000001110010100111101011100001, 0
413, 01000001110010101111010111000011, 0
414, 01000001110010101111010111000011, 0
415, 01000001110010101111010111000011, 0
416, 01000001110010101111010111000011, 0
417, 01000001110010101111010111000011, 0
418, 01000001110010101111010111000011, 0
419, 01000001110010101111010111000011, 0
420, 01000001110010101111010111000011, 0
421, 01000001110010101111010111000011, 0
422, 01000001110010101111010111000011, 0
423, 01000001110010101111010111000011, 0
424, 01000001110010101111010111000011, 0
425, 01000001110010101111010111000011, 0
426, 01000001110010101111010111000011, 0
427, 01000001110010101111010111000011, 0
428, 01000001110010100111101011100001, 0
429, 01000001110010101111010111000011, 0
430, 01000001110010101111010111000011, 0
431, 01000001110010101111010111000011, 0
432, 01000001110010101111010111000011, 0
433, 01000001110010101111010111000011, 0
434, 01000001110010101111010111000011, 0
435, 01000001110010101111010111000011, 0
436, 01000001110010101111010111000011, 0
437, 01000001110010101111010111000011, 0
438, 01000001110010101111010111000011, 0
439, 01000001110010100111101011100001, 0
440, 01000001110010100111101011100001, 0
441, 01000001110010101111010111000011, 0
442, 01000001110010100111101011100001, 0
443, 01000001110010100111101011100001, 0
444, 01000001110010100111101011100001, 0
445, 01000001110010100111101011100001, 0
446, 01000001110010100111101011100001, 0
447, 01000001110010100111101011100001, 0
448, 01000001110010100111101011100001, 0
449, 01000001110010100111101011100001, 0
450, 01000001110010100111101011100001, 0
451, 01000001110010100111101011100001, 0
452, 01000001110010100111101011100001, 0
453, 01000001110010100000000000000000, 0
454, 01000001110010100111101011100001, 0
455, 01000001110010100000000000000000, 0
456, 01000001110010100000000000000000, 0
457, 01000001110010100000000000000000, 0
458, 01000001110010100000000000000000, 0
459, 01000001110010100000000000000000, 0
460, 01000001110010100111101011100001, 0
461, 01000001110010100000000000000000, 0
462, 01000001110010100111101011100001, 0
463, 01000001110010100000000000000000, 0
464, 01000001110010100000000000000000, 0
465, 01000001110010100000000000000000, 0
466, 01000001110010100000000000000000, 0
467, 01000001110010100000000000000000, 0
468, 01000001110010100111101011100001, 0
469, 01000001110010100111101011100001, 0
470, 01000001110010100000000000000000, 0
471, 01000001110010100000000000000000, 0
472, 01000001110010100111101011100001, 0
473, 01000001110010100000000000000000, 0
474, 01000001110010100000000000000000, 0
475, 01000001110010100000000000000000, 0
476, 01000001110010100000000000000000, 0
477, 01000001110010100111101011100001, 0
478, 01000001110010100000000000000000, 0
479, 01000001110010100000000000000000, 0
480, 01000001110010100000000000000000, 0
481, 01000001110010100000000000000000, 0
482, 01000001110010011000010100011111, 0
483, 01000001110010011000010100011111, 0
484, 01000001110010011000010100011111, 0
485, 01000001110010011000010100011111, 0
486, 01000001110010011000010100011111, 0
487, 01000001110010100000000000000000, 0
488, 01000001110010011000010100011111, 0
489, 01000001110010100000000000000000, 0
490, 01000001110010100000000000000000, 0
491, 01000001110010100000000000000000, 0
492, 01000001110010100000000000000000, 0
493, 01000001110010100000000000000000, 0
494, 01000001110010100000000000000000, 0
495, 01000001110010100000000000000000, 0
496, 01000001110010100000000000000000, 0
497, 01000001110010100000000000000000, 0
498, 01000001110010100000000000000000, 0
499, 01000001110010100000000000000000, 0
500, 01000001110010100000000000000000, 0
501, 01000001110010100000000000000000, 0
502, 01000001110010100111101011100001, 0
503, 01000001110010100111101011100001, 0
504, 01000001110010100111101011100001, 0
505, 01000001110010100111101011100001, 0
506, 01000001110010100111101011100001, 0
507, 01000001110010100111101011100001, 0
508, 01000001110010100111101011100001, 0
509, 01000001110010101111010111000011, 0
510, 01000001110010100111101011100001, 0
511, 01000001110010101111010111000011, 0
512, 01000001110010101111010111000011, 0
513, 01000001110010100111101011100001, 0
514, 01000001110010101111010111000011, 0
515, 01000001110010100111101011100001, 0
516, 01000001110010101111010111000011, 0
517, 01000001110010111000010100011111, 0
518, 01000001110010101111010111000011, 0
519, 01000001110010101111010111000011, 0
520, 01000001110010111000010100011111, 0
521, 01000001110010111000010100011111, 0
522, 01000001110010111000010100011111, 0
523, 01000001110010111000010100011111, 0
524, 01000001110011000000000000000000, 0
525, 01000001110011000000000000000000, 0
526, 01000001110011000000000000000000, 0
527, 01000001110011000111101011100001, 0
528, 01000001110011000111101011100001, 0
529, 01000001110011000111101011100001, 0
530, 01000001110011000111101011100001, 0
531, 01000001110011000111101011100001, 0
532, 01000001110011000111101011100001, 0
533, 01000001110011001111010111000011, 0
534, 01000001110011001111010111000011, 0
535, 01000001110011011000010100011111, 0
536, 01000001110011100000000000000000, 0
537, 01000001110100100000000000000000, 0
538, 01000001110101011000010100011111, 0
539, 01000001110110000111101011100001, 0
540, 01000001110110101111010111000011, 0
541, 01000001110111000111101011100001, 0
542, 01000001110111100111101011100001, 0
543, 01000001111000000111101011100001, 0
544, 01000001111000011000010100011111, 0
545, 01000001111000101111010111000011, 0
546, 01000001111001001111010111000011, 0
547, 01000001111000101111010111000011, 0
548, 01000001111000100111101011100001, 0
549, 01000001111001000111101011100001, 0
550, 01000001111001100111101011100001, 0
551, 01000001111010000111101011100001, 0
552, 01000001111010100111101011100001, 0
553, 01000001111011000000000000000000, 0
554, 01000001111011100000000000000000, 0
555, 01000001111100000111101011100001, 0
556, 01000001111100111000010100011111, 0
557, 01000001111110000000000000000000, 0
558, 01000001111111001111010111000011, 0
559, 01000010000000011000010100011111, 0
560, 01000010000001001000010100011111, 0
561, 01000010000010000000000000000000, 0
562, 01000010000010111100001010001111, 0
563, 01000010000011111000010100011111, 1
564, 01000010000100101100001010001111, 0
565, 01000010000101100011110101110001, 0
566, 01000010000110010011110101110001, 0
567, 01000010000111000011110101110001, 0
568, 01000010000111110000000000000000, 0
569, 01000010001000011000010100011111, 0
570, 01000010001001000011110101110001, 0
571, 01000010001001101100001010001111, 0
572, 01000010001010011000010100011111, 0
573, 01000010001011000000000000000000, 0
574, 01000010001011101000010100011111, 1
575, 01000010001100010000000000000000, 0
576, 01000010001100111000010100011111, 0
577, 01000010001101011100001010001111, 0
578, 01000010001101111000010100011111, 0
579, 01000010001110011100001010001111, 0
580, 01000010001110111000010100011111, 0
581, 01000010001111011000010100011111, 0
582, 01000010001111110000000000000000, 0
583, 01000010010000000000000000000000, 0
584, 01000010010000010000000000000000, 0
585, 01000010010000011100001010001111, 0
586, 01000010010000100011110101110001, 0
587, 01000010010000101000010100011111, 0
588, 01000010010000110000000000000000, 0
589, 01000010010000110000000000000000, 0
590, 01000010010000110011110101110001, 0
591, 01000010010000111000010100011111, 0
592, 01000010010000111100001010001111, 0
593, 01000010010001000000000000000000, 0
594, 01000010010001000011110101110001, 0
595, 01000010010001001100001010001111, 0
596, 01000010010001010011110101110001, 0
597, 01000010010001011000010100011111, 0
598, 01000010010001100000000000000000, 0
599, 01000010010001100011110101110001, 0
600, 01000010010001101100001010001111, 0
601, 01000010010001110000000000000000, 0
602, 01000010010001111100001010001111, 0
603, 01000010010010000000000000000000, 0
604, 01000010010010001000010100011111, 0
605, 01000010010010001100001010001111, 0
606, 01000010010010010011110101110001, 0
607, 01000010010010011000010100011111, 0
608, 01000010010010100000000000000000, 0
609, 01000010010010100011110101110001, 0
610, 01000010010010101000010100011111, 0
611, 01000010010010110000000000000000, 0
612, 01000010010010110011110101110001, 0
613, 01000010010010111100001010001111, 0
614, 01000010010011000000000000000000, 0
615, 01000010010011001100001010001111, 0
616, 01000010010011010000000000000000, 0
617, 01000010010011011000010100011111, 0
618, 01000010010011100000000000000000, 0
619, 01000010010011101000010100011111, 0
620, 01000010010011101100001010001111, 0
621, 01000010010011110011110101110001, 0
622, 01000010010011111000010100011111, 0
623, 01000010010100000000000000000000, 0
624, 01000010010100000000000000000000, 0
625, 01000010010100000011110101110001, 0
626, 01000010010100001100001010001111, 0
627, 01000010010100010011110101110001, 0
628, 01000010010100010011110101110001, 0
629, 01000010010100011100001010001111, 0
630, 01000010010100011000010100011111, 0
631, 01000010010100010011110101110001, 0
632, 01000010010100010011110101110001, 0
633, 01000010010100001100001010001111, 0
634, 01000010010100001000010100011111, 0
635, 01000010010011111100001010001111, 0
636, 01000010010011111000010100011111, 0
637, 01000010010011110011110101110001, 0
638, 01000010010011101100001010001111, 0
639, 01000010010011100011110101110001, 0
640, 01000010010011010011110101110001, 0
641, 01000010010011010000000000000000, 0
642, 01000010010011001000010100011111, 0
643, 01000010010011000011110101110001, 0
644, 01000010010010111000010100011111, 0
645, 01000010010010110011110101110001, 0
646, 01000010010010101100001010001111, 0
647, 01000010010010100000000000000000, 0
648, 01000010010010100000000000000000, 0
649, 01000010010010100011110101110001, 0
650, 01000010010010100000000000000000, 0
651, 01000010010010011100001010001111, 0
652, 01000010010010010011110101110001, 0
653, 01000010010010010000000000000000, 0
654, 01000010010010001000010100011111, 0
655, 01000010010001111100001010001111, 0
656, 01000010010001110011110101110001, 0
657, 01000010010001101100001010001111, 0
658, 01000010010001011100001010001111, 0
659, 01000010010001010011110101110001, 0
660, 01000010010001000011110101110001, 1
661, 01000010001100101100001010001111, 1
662, 01000010010011000011110101110001, 1
663, 01000010011001101000010100011111, 1
664, 01000010010000110000000000000000, 1
665, 01000010010100110011110101110001, 1
666, 01000010011000010000000000000000, 0
667, 01000010011000011000010100011111, 0
668, 01000010011001100000000000000000, 1
669, 01000010011110001000010100011111, 0
670, 01000010011111011000010100011111, 1
671, 01000010011011011000010100011111, 0
672, 01000010011010101000010100011111, 0
673, 01000010011100101000010100011111, 0
674, 01000010011010101000010100011111, 1
675, 01000010100001001011110101110001, 1
676, 01000010100100110001111010111000, 1
677, 01000010101000010110000101001000, 0
678, 01000010101001011001111010111000, 1
679, 01000010101011001001111010111000, 1
680, 01000010101111010110000101001000, 1
681, 01000010101000110000000000000000, 1
682, 01000010101100000000000000000000, 0
683, 01000010101100111011110101110001, 0
684, 01000010101101011000000000000000, 0
685, 01000010101100111110000101001000, 0
686, 01000010101100110000000000000000, 0
687, 01000010101101000000000000000000, 0
688, 01000010101100101110000101001000, 1
689, 01000010100111011001111010111000, 1
690, 01000010101001010110000101001000, 0
691, 01000010101000101001111010111000, 1
692, 01000010101010111000000000000000, 0
693, 01000010101100000001111010111000, 0
694, 01000010101011101011110101110001, 0
695, 01000010101100100000000000000000, 1
696, 01000010101011001011110101110001, 1
697, 01000010101000100011110101110001, 1
698, 01000010100111000011110101110001, 0
699, 01000010101000000011110101110001, 1
700, 01000010101000101000000000000000, 0
701, 01000010100111101110000101001000, 0
702, 01000010100111110011110101110001, 1
703, 01000010101001011000000000000000, 1
704, 01000010101100000011110101110001, 0
705, 01000010101100010110000101001000, 1
706, 01000010101010111001111010111000, 0
707, 01000010101011011001111010111000, 0
708, 01000010101011111001111010111000, 1
709, 01000010101010011110000101001000, 0
710, 01000010101001110001111010111000, 0
711, 01000010101010101110000101001000, 1
712, 01000010101000100000000000000000, 0
713, 01000010101001010011110101110001, 0
714, 01000010101000111000000000000000, 0
715, 01000010101001111001111010111000, 0
716, 01000010101001110011110101110001, 1
717, 01000010101000011001111010111000, 1
718, 01000010101010100000000000000000, 1
719, 01000010101001000011110101110001, 0
720, 01000010101001101110000101001000, 1
721, 01000010101110001110000101001000, 0
722, 01000010101110000001111010111000, 0
723, 01000010101110010011110101110001, 0
724, 01000010101101111001111010111000, 0
725, 01000010101101110110000101001000, 0
726, 01000010101110000001111010111000, 0
727, 01000010101101110001111010111000, 1
728, 01000010101011110000000000000000, 0
729, 01000010101011011000000000000000, 0
730, 01000010101100000000000000000000, 1
731, 01000010101101100000000000000000, 0
732, 01000010101110100001111010111000, 1
733, 01000010101101000000000000000000, 1
734, 01000010101011011001111010111000, 0
735, 01000010101100101001111010111000, 1
736, 01000010101101000110000101001000, 0
737, 01000010101100010001111010111000, 1
738, 01000010101010011000000000000000, 1
739, 01000010101000000000000000000000, 1
740, 01000010100101001000000000000000, 1
741, 01000010100011001001111010111000, 1
742, 01000010100001110001111010111000, 1
743, 01000010100000100000000000000000, 0
744, 01000010011110101100001010001111, 1
745, 01000010011100101100001010001111, 0
746, 01000010011011001000010100011111, 1
747, 01000010011001101000010100011111, 0
748, 01000010011000011100001010001111, 0
749, 01000010010111010011110101110001, 0
750, 01000010010110011000010100011111, 1
751, 01000010010101100011110101110001, 0
752, 01000010010100111100001010001111, 0
753, 01000010010100011000010100011111, 0
754, 01000010010011111000010100011111, 0
755, 01000010010011011100001010001111, 0
756, 01000010010010111100001010001111, 0
757, 01000010010010100000000000000000, 0
758, 01000010010010001100001010001111, 0
759, 01000010010001111000010100011111, 0
760, 01000010010001101000010100011111, 0
761, 01000010010001010011110101110001, 0
762, 01000010010001001000010100011111, 0
763, 01000010010000111100001010001111, 0
764, 01000010010000110000000000000000, 0
765, 01000010010000101000010100011111, 0
766, 01000010010000100011110101110001, 0
767, 01000010010000011100001010001111, 0
768, 01000010010000011100001010001111, 0
769, 01000010010000010011110101110001, 0
770, 01000010010000001000010100011111, 0
771, 01000010010000000011110101110001, 0
772, 01000010001111111100001010001111, 0
773, 01000010001111110011110101110001, 0
774, 01000010001111101000010100011111, 0
775, 01000010001111100000000000000000, 0
776, 01000010001101001000010100011111, 1
777, 01000010001011000000000000000000, 0
778, 01000010001001000011110101110001, 0
779, 01000010001000110000000000000000, 0
780, 01000010001001110011110101110001, 0
781, 01000010001011001000010100011111, 1
782, 01000010001100110000000000000000, 0
783, 01000010001110011000010100011111, 0
784, 01000010001111101100001010001111, 1
785, 01000010010000111000010100011111, 0
786, 01000010010001110011110101110001, 0
787, 01000010010010101000010100011111, 0
788, 01000010010011010000000000000000, 0
789, 01000010010100000011110101110001, 0
790, 01000010010100101100001010001111, 0
791, 01000010010101001000010100011111, 0
792, 01000010010101100000000000000000, 0
793, 01000010010101110000000000000000, 0
794, 01000010010101111100001010001111, 0
795, 01000010010110001100001010001111, 0
796, 01000010010110010011110101110001, 0
797, 01000010010110100000000000000000, 0
798, 01000010010110101000010100011111, 0
799, 01000010010110101100001010001111, 0
800, 01000010010110110011110101110001, 0
801, 01000010010111000000000000000000, 0
802, 01000010010111001000010100011111, 0
803, 01000010010111010000000000000000, 0
804, 01000010010111011000010100011111, 0
805, 01000010010111011100001010001111, 0
806, 01000010010111100011110101110001, 0
807, 01000010010111101000010100011111, 0
808, 01000010010111101000010100011111, 0
809, 01000010010111100011110101110001, 0
810, 01000010010111100011110101110001, 0
811, 01000010010111011100001010001111, 0
812, 01000010010111001100001010001111, 0
813, 01000010010111000000000000000000, 0
814, 01000010010111100000000000000000, 0
815, 01000010010111110011110101110001, 0
816, 01000010011000000011110101110001, 0
817, 01000010011000010011110101110001, 0
818, 01000010011000100000000000000000, 0
819, 01000010011000100011110101110001, 0
820, 01000010011000110000000000000000, 0
821, 01000010011000111000010100011111, 0
822, 01000010011000111100001010001111, 0
823, 01000010011000111100001010001111, 0
824, 01000010011001000011110101110001, 0
825, 01000010011001010000000000000000, 0
826, 01000010011001011000010100011111, 0
827, 01000010011001100000000000000000, 0
828, 01000010011001101100001010001111, 0
829, 01000010011001111000010100011111, 0
830, 01000010011001111100001010001111, 0
831, 01000010011010001000010100011111, 0
832, 01000010011010010000000000000000, 0
833, 01000010011010011100001010001111, 0
834, 01000010011010101100001010001111, 0
835, 01000010011010111100001010001111, 0
836, 01000010011011001100001010001111, 0
837, 01000010011011100000000000000000, 0
838, 01000010011011110000000000000000, 0
839, 01000010011011111100001010001111, 0
840, 01000010011100001100001010001111, 0
841, 01000010011100011000010100011111, 0
842, 01000010011100011100001010001111, 0
843, 01000010011100011000010100011111, 0
844, 01000010011100011000010100011111, 0
845, 01000010011100010011110101110001, 0
846, 01000010011100010000000000000000, 0
847, 01000010011100000011110101110001, 0
848, 01000010011011111100001010001111, 0
849, 01000010011011110011110101110001, 0
850, 01000010011011101100001010001111, 0
851, 01000010011011100011110101110001, 0
852, 01000010011011100000000000000000, 0
853, 01000010011011011000010100011111, 0
854, 01000010011011010011110101110001, 0
855, 01000010011011010000000000000000, 0
856, 01000010011011001100001010001111, 0
857, 01000010011011000011110101110001, 0
858, 01000010011010111100001010001111, 0
859, 01000010011010111000010100011111, 0
860, 01000010011001100011110101110001, 1
861, 01000010010110111100001010001111, 0
862, 01000010010100101100001010001111, 1
863, 01000010010010110011110101110001, 0
864, 01000010010001010000000000000000, 0
865, 01000010010000000011110101110001, 1
866, 01000010001111000011110101110001, 0
867, 01000010001110010011110101110001, 0
868, 01000010001101101100001010001111, 0
869, 01000010001101010000000000000000, 0
870, 01000010001100111100001010001111, 0
871, 01000010001100101100001010001111, 0
872, 01000010001100100000000000000000, 0
873, 01000010001100011100001010001111, 0
874, 01000010001100100000000000000000, 0
875, 01000010001100100000000000000000, 0
876, 01000010001100100011110101110001, 0
877, 01000010001100101100001010001111, 0
878, 01000010001100111000010100011111, 0
879, 01000010001101000000000000000000, 0
880, 01000010001101010000000000000000, 0
881, 01000010001101011000010100011111, 0
882, 01000010001101100011110101110001, 0
883, 01000010001101101100001010001111, 0
884, 01000010001101110000000000000000, 0
885, 01000010001101110011110101110001, 0
886, 01000010001110000000000000000000, 0
887, 01000010001110000011110101110001, 0
888, 01000010001110001100001010001111, 0
889, 01000010001110010011110101110001, 0
890, 01000010001110011000010100011111, 0
891, 01000010001110011000010100011111, 0
892, 01000010001110001000010100011111, 0
893, 01000010001100011100001010001111, 0
894, 01000010001011101000010100011111, 0
895, 01000010001100010000000000000000, 0
896, 01000010001100001100001010001111, 0
897, 01000010001100010011110101110001, 0
898, 01000010001100100000000000000000, 0
899, 01000010001100110000000000000000, 0
900, 01000010001101000000000000000000, 0
901, 01000010001101001000010100011111, 0
902, 01000010001101010000000000000000, 0
903, 01000010001101011000010100011111, 0
904, 01000010001101100000000000000000, 0
905, 01000010001101101000010100011111, 0
906, 01000010001101110000000000000000, 0
907, 01000010001101111100001010001111, 0
908, 01000010001110000000000000000000, 0
909, 01000010001110001000010100011111, 0
910, 01000010001110001100001010001111, 0
911, 01000010001110010011110101110001, 0
912, 01000010001110011100001010001111, 0
913, 01000010001110100000000000000000, 0
914, 01000010001110100011110101110001, 0
915, 01000010001110101100001010001111, 0
916, 01000010001110110000000000000000, 0
917, 01000010001110110011110101110001, 0
918, 01000010001110111000010100011111, 0
919, 01000010001110111000010100011111, 0
920, 01000010001110111100001010001111, 0
921, 01000010001110111000010100011111, 0
922, 01000010001110110000000000000000, 0
923, 01000010001110101100001010001111, 0
924, 01000010001110101000010100011111, 0
925, 01000010001110100000000000000000, 0
926, 01000010001110011100001010001111, 0
927, 01000010001110010011110101110001, 0
928, 01000010001110001100001010001111, 0
929, 01000010001110000011110101110001, 0
930, 01000010001101111000010100011111, 0
931, 01000010001101110000000000000000, 0
932, 01000010001101101000010100011111, 0
933, 01000010001101100000000000000000, 0
934, 01000010001101011000010100011111, 0
935, 01000010001101001100001010001111, 0
936, 01000010001101001000010100011111, 0
937, 01000010001101000000000000000000, 0
938, 01000010001100111000010100011111, 0
939, 01000010001100110011110101110001, 0
940, 01000010001100101000010100011111, 0
941, 01000010001100100000000000000000, 0
942, 01000010001100011000010100011111, 0
943, 01000010001100010011110101110001, 0
944, 01000010001100001100001010001111, 0
945, 01000010001100000011110101110001, 0
946, 01000010001100000000000000000000, 0
947, 01000010001011111000010100011111, 0
948, 01000010001011110011110101110001, 0
949, 01000010001011101100001010001111, 0
950, 01000010001011101000010100011111, 0
951, 01000010001011100000000000000000, 0
952, 01000010001011011100001010001111, 0
953, 01000010001011011000010100011111, 0
954, 01000010001011010011110101110001, 0
955, 01000010001011001100001010001111, 0
956, 01000010001011001000010100011111, 0
957, 01000010001011000000000000000000, 0
958, 01000010001010111100001010001111, 0
959, 01000010001010111000010100011111, 0
960, 01000010001010110000000000000000, 0
961, 01000010001010101100001010001111, 0
962, 01000010001010101000010100011111, 0
963, 01000010001010100000000000000000, 0
964, 01000010001010100000000000000000, 0
965, 01000010001010011000010100011111, 0
966, 01000010001010010011110101110001, 0
967, 01000010001010010000000000000000, 0
968, 01000010001010001000010100011111, 0
969, 01000010001010000011110101110001, 0
970, 01000010001010000000000000000000, 0
971, 01000010001001111100001010001111, 0
972, 01000010001001111000010100011111, 0
973, 01000010001001110011110101110001, 0
974, 01000010001001101100001010001111, 0
975, 01000010001001101000010100011111, 0
976, 01000010001001100011110101110001, 0
977, 01000010001001011100001010001111, 0
978, 01000010001001011100001010001111, 0
979, 01000010001001011000010100011111, 0
980, 01000010001001010000000000000000, 0
981, 01000010001001001100001010001111, 0
982, 01000010001001001000010100011111, 0
983, 01000010001001000011110101110001, 0
984, 01000010001001000000000000000000, 0
985, 01000010001000111100001010001111, 0
986, 01000010001000111000010100011111, 0
987, 01000010001000110011110101110001, 0
988, 01000010001000110000000000000000, 0
989, 01000010001000101100001010001111, 0
990, 01000010001000101000010100011111, 0
991, 01000010001000100011110101110001, 0
992, 01000010001000100000000000000000, 0
993, 01000010001000011100001010001111, 0
994, 01000010001000011000010100011111, 0
995, 01000010001000010011110101110001, 0
996, 01000010001000010000000000000000, 0
997, 01000010001000001100001010001111, 0
998, 01000010001000001000010100011111, 0
999, 01000010001000000011110101110001, 0
1000, 01000010001000000011110101110001, 0
1001, 01000010000111111100001010001111, 0
1002, 01000010000111111000010100011111, 0
1003, 01000010000111111000010100011111, 0
1004, 01000010000111110011110101110001, 0
1005, 01000010000111110011110101110001, 0
1006, 01000010000111110000000000000000, 0
1007, 01000010000111101100001010001111, 0
1008, 01000010000111101000010100011111, 0
1009, 01000010000111101000010100011111, 0
1010, 01000010000111100000000000000000, 0
1011, 01000010000111011100001010001111, 0
1012, 01000010000111011000010100011111, 0
1013, 01000010000111011000010100011111, 0
1014, 01000010000111010011110101110001, 0
1015, 01000010000111010011110101110001, 0
1016, 01000010000111010000000000000000, 0
1017, 01000010000111001100001010001111, 0
1018, 01000010000111001000010100011111, 0
1019, 01000010000111001000010100011111, 0
1020, 01000010000111000011110101110001, 0
1021, 01000010000111000000000000000000, 0
1022, 01000010000110111000010100011111, 0
1023, 01000010000110110011110101110001, 0
1024, 01000010000110110011110101110001, 0
1025, 01000010000110110000000000000000, 0
1026, 01000010000110110000000000000000, 0
1027, 01000010000110110000000000000000, 0
1028, 01000010000110011100001010001111, 0
1029, 01000010000110001000010100011111, 0
1030, 01000010000110001000010100011111, 0
1031, 01000010000110001000010100011111, 0
1032, 01000010000101111100001010001111, 0
1033, 01000010000101111000010100011111, 0
1034, 01000010000101111000010100011111, 0
1035, 01000010000101111100001010001111, 0
1036, 01000010000101111000010100011111, 0
1037, 01000010000101111000010100011111, 0
1038, 01000010000101111000010100011111, 0
1039, 01000010000101111000010100011111, 0
1040, 01000010000101111000010100011111, 0
1041, 01000010000101110011110101110001, 0
1042, 01000010000101110011110101110001, 0
1043, 01000010000101110000000000000000, 0
1044, 01000010000101101100001010001111, 0
1045, 01000010000101101100001010001111, 0
1046, 01000010000101101100001010001111, 0
1047, 01000010000101101000010100011111, 0
1048, 01000010000101100011110101110001, 0
1049, 01000010000101100011110101110001, 0
1050, 01000010000101100011110101110001, 0
1051, 01000010000101100000000000000000, 0
1052, 01000010000101100000000000000000, 0
1053, 01000010000101011100001010001111, 0
1054, 01000010000101011000010100011111, 0
1055, 01000010000101010011110101110001, 0
1056, 01000010000101010000000000000000, 0
1057, 01000010000101001100001010001111, 0
1058, 01000010000101001100001010001111, 0
1059, 01000010000101001100001010001111, 0
1060, 01000010000101001000010100011111, 0
1061, 01000010000101001000010100011111, 0
1062, 01000010000101000000000000000000, 0
1063, 01000010000101000000000000000000, 0
1064, 01000010000100111100001010001111, 0
1065, 01000010000100111100001010001111, 0
1066, 01000010000100111000010100011111, 0
1067, 01000010000100111000010100011111, 0
1068, 01000010000100110011110101110001, 0
1069, 01000010000100110000000000000000, 0
1070, 01000010000100101100001010001111, 0
1071, 01000010000100101000010100011111, 0
1072, 01000010000100101000010100011111, 0
1073, 01000010000100100011110101110001, 0
1074, 01000010000100100011110101110001, 0
1075, 01000010000100100000000000000000, 0
1076, 01000010000100100000000000000000, 0
1077, 01000010000100011100001010001111, 0
1078, 01000010000100011100001010001111, 0
1079, 01000010000100011000010100011111, 0
1080, 01000010000100011000010100011111, 0
1081, 01000010000100011000010100011111, 0
1082, 01000010000100010011110101110001, 0
1083, 01000010000100010000000000000000, 0
1084, 01000010000100001100001010001111, 0
1085, 01000010000100001000010100011111, 0
1086, 01000010000100001000010100011111, 0
1087, 01000010000100000011110101110001, 0
1088, 01000010000100000000000000000000, 0
1089, 01000010000100000000000000000000, 0
1090, 01000010000011111100001010001111, 0
1091, 01000010000011111000010100011111, 0
1092, 01000010000011110011110101110001, 0
1093, 01000010000011110000000000000000, 0
1094, 01000010000011101100001010001111, 0
1095, 01000010000011101100001010001111, 0
1096, 01000010000011101000010100011111, 0
1097, 01000010000011101000010100011111, 0
1098, 01000010000011101000010100011111, 0
1099, 01000010000011100011110101110001, 0
1100, 01000010000011100000000000000000, 0
1101, 01000010000011100000000000000000, 0
1102, 01000010000011100000000000000000, 0
1103, 01000010000011011100001010001111, 0
1104, 01000010000011010011110101110001, 0
1105, 01000010000011010011110101110001, 0
1106, 01000010000011010000000000000000, 0
1107, 01000010000011010000000000000000, 0
1108, 01000010000011001000010100011111, 0
1109, 01000010000011001000010100011111, 0
1110, 01000010000011001000010100011111, 0
1111, 01000010000011000011110101110001, 0
1112, 01000010000011000000000000000000, 0
1113, 01000010000010111100001010001111, 0
1114, 01000010000010111100001010001111, 0
1115, 01000010000010111100001010001111, 0
1116, 01000010000010111000010100011111, 0
1117, 01000010000010111000010100011111, 0
1118, 01000010000010110011110101110001, 0
1119, 01000010000010110000000000000000, 0
1120, 01000010000010110011110101110001, 0
1121, 01000010000010110000000000000000, 0
1122, 01000010000010101100001010001111, 0
1123, 01000010000010101100001010001111, 0
1124, 01000010000010101000010100011111, 0
1125, 01000010000010100011110101110001, 0
1126, 01000010000010100011110101110001, 0
1127, 01000010000010100011110101110001, 0
1128, 01000010000010100000000000000000, 0
1129, 01000010000010100000000000000000, 0
1130, 01000010000010011100001010001111, 0
1131, 01000010000010011000010100011111, 0
1132, 01000010000010011000010100011111, 0
1133, 01000010000010010011110101110001, 0
1134, 01000010000010010011110101110001, 0
1135, 01000010000010010011110101110001, 0
1136, 01000010000010001100001010001111, 0
1137, 01000010000010001100001010001111, 0
1138, 01000010000010001100001010001111, 0
1139, 01000010000010001000010100011111, 0
1140, 01000010000010001000010100011111, 0
1141, 01000010000010000011110101110001, 0
1142, 01000010000010000011110101110001, 0
1143, 01000010000010000011110101110001, 0
1144, 01000010000010000000000000000000, 0
1145, 01000010000001111100001010001111, 0
1146, 01000010000001111100001010001111, 0
1147, 01000010000001111000010100011111, 0
1148, 01000010000001111000010100011111, 0
1149, 01000010000001111000010100011111, 0
1150, 01000010000001110011110101110001, 0
1151, 01000010000001110011110101110001, 0
1152, 01000010000001110011110101110001, 0
1153, 01000010000001110000000000000000, 0
1154, 01000010000001101100001010001111, 0
1155, 01000010000001101100001010001111, 0
1156, 01000010000001101000010100011111, 0
1157, 01000010000001101000010100011111, 0
1158, 01000010000001100011110101110001, 0
1159, 01000010000001100011110101110001, 0
1160, 01000010000001100000000000000000, 0
1161, 01000010000001100000000000000000, 0
1162, 01000010000001100000000000000000, 0
1163, 01000010000001011100001010001111, 0
1164, 01000010000001011100001010001111, 0
1165, 01000010000001011000010100011111, 0
1166, 01000010000001011000010100011111, 0
1167, 01000010000001010011110101110001, 0
1168, 01000010000001010011110101110001, 0
1169, 01000010000001010011110101110001, 0
1170, 01000010000001010000000000000000, 0
1171, 01000010000001010011110101110001, 0
1172, 01000010000001010000000000000000, 0
1173, 01000010000001001100001010001111, 0
1174, 01000010000001001100001010001111, 0
1175, 01000010000001001000010100011111, 0
1176, 01000010000001001000010100011111, 0
1177, 01000010000001000011110101110001, 0
1178, 01000010000001000011110101110001, 0
1179, 01000010000001000000000000000000, 0
1180, 01000010000001000000000000000000, 0
1181, 01000010000000111100001010001111, 0
1182, 01000010000000111100001010001111, 0
1183, 01000010000000111000010100011111, 0
1184, 01000010000000111000010100011111, 0
1185, 01000010000000111000010100011111, 0
1186, 01000010000000110000000000000000, 0
1187, 01000010000000110000000000000000, 0
1188, 01000010000000110000000000000000, 0
1189, 01000010000000101100001010001111, 0
1190, 01000010000000101000010100011111, 0
1191, 01000010000000101000010100011111, 0
1192, 01000010000000100011110101110001, 0
1193, 01000010000000100011110101110001, 0
1194, 01000010000000100011110101110001, 0
1195, 01000010000000100000000000000000, 0
1196, 01000010000000011100001010001111, 0
1197, 01000010000000011100001010001111, 0
1198, 01000010000000011100001010001111, 0
1199, 01000010000000011100001010001111, 0
1200, 01000010000000011000010100011111, 0
1201, 01000010000000011000010100011111, 0
1202, 01000010000000010011110101110001, 0
1203, 01000010000000011000010100011111, 0
1204, 01000010000000010011110101110001, 0
1205, 01000010000000010000000000000000, 0
1206, 01000010000000010000000000000000, 0
1207, 01000010000000010011110101110001, 0
1208, 01000010000000010000000000000000, 0
1209, 01000010000000001100001010001111, 0
1210, 01000010000000001100001010001111, 0
1211, 01000010000000001100001010001111, 0
1212, 01000010000000001000010100011111, 0
1213, 01000010000000001000010100011111, 0
1214, 01000010000000001000010100011111, 0
1215, 01000010000000000011110101110001, 0
1216, 01000010000000000000000000000000, 0
1217, 01000010000000000000000000000000, 0
1218, 01000001111111111000010100011111, 0
1219, 01000010000000000000000000000000, 0
1220, 01000001111111111000010100011111, 0
1221, 01000010000000000000000000000000, 0
1222, 01000001111111111000010100011111, 0
1223, 01000001111111111000010100011111, 0
1224, 01000001111111101111010111000011, 0
1225, 01000001111111101111010111000011, 0
1226, 01000001111111101111010111000011, 0
1227, 01000001111111100111101011100001, 0
1228, 01000001111111100111101011100001, 0
1229, 01000001111111100111101011100001, 0
1230, 01000001111111100000000000000000, 0
1231, 01000001111111100000000000000000, 0
1232, 01000001111111011000010100011111, 0
1233, 01000001111111011000010100011111, 0
1234, 01000001111111001111010111000011, 0
1235, 01000001111111001111010111000011, 0
1236, 01000001111111000111101011100001, 0
1237, 01000001111111000111101011100001, 0
1238, 01000001111111000111101011100001, 0
1239, 01000001111111000000000000000000, 0
1240, 01000001111111000000000000000000, 0
1241, 01000001111111000000000000000000, 0
1242, 01000001111111000000000000000000, 0
1243, 01000001111110111000010100011111, 0
1244, 01000001111110111000010100011111, 0
1245, 01000001111110101111010111000011, 0
1246, 01000001111110101111010111000011, 0
1247, 01000001111110101111010111000011, 0
1248, 01000001111110100111101011100001, 0
1249, 01000001111110100111101011100001, 0
1250, 01000001111110100111101011100001, 0
1251, 01000001111110100000000000000000, 0
1252, 01000001111110100000000000000000, 0
1253, 01000001111110011000010100011111, 0
1254, 01000001111110011000010100011111, 0
1255, 01000001111110011000010100011111, 0
1256, 01000001111110001111010111000011, 0
1257, 01000001111110011000010100011111, 0
1258, 01000001111110001111010111000011, 0
1259, 01000001111110001111010111000011, 0
1260, 01000001111110001111010111000011, 0
1261, 01000001111110000111101011100001, 0
1262, 01000001111110000111101011100001, 0
1263, 01000001111110000111101011100001, 0
1264, 01000001111110000111101011100001, 0
1265, 01000001111110000000000000000000, 0
1266, 01000001111110000000000000000000, 0
1267, 01000001111101111000010100011111, 0
1268, 01000001111101111000010100011111, 0
1269, 01000001111110000000000000000000, 0
1270, 01000001111101111000010100011111, 0
1271, 01000001111101101111010111000011, 0
1272, 01000001111101101111010111000011, 0
1273, 01000001111101101111010111000011, 0
1274, 01000001111101100111101011100001, 0
1275, 01000001111101100111101011100001, 0
1276, 01000001111101100111101011100001, 0
1277, 01000001111101100111101011100001, 0
1278, 01000001111101100000000000000000, 0
1279, 01000001111101100000000000000000, 0
1280, 01000001111101100000000000000000, 0
1281, 01000001111101011000010100011111, 0
1282, 01000001111101011000010100011111, 0
1283, 01000001111101011000010100011111, 0
1284, 01000001111101011000010100011111, 0
1285, 01000001111101011000010100011111, 0
1286, 01000001111101001111010111000011, 0
1287, 01000001111101001111010111000011, 0
1288, 01000001111101001111010111000011, 0
1289, 01000001111101000111101011100001, 0
1290, 01000001111101000111101011100001, 0
1291, 01000001111101000111101011100001, 0
1292, 01000001111101000111101011100001, 0
1293, 01000001111101000111101011100001, 0
1294, 01000001111101000000000000000000, 0
1295, 01000001111101000000000000000000, 0
1296, 01000001111101000000000000000000, 0
1297, 01000001111100111000010100011111, 0
1298, 01000001111100111000010100011111, 0
1299, 01000001111100111000010100011111, 0
1300, 01000001111100111000010100011111, 0
1301, 01000001111100101111010111000011, 0
1302, 01000001111100100111101011100001, 0
1303, 01000001111100100111101011100001, 0
1304, 01000001111100100111101011100001, 0
1305, 01000001111100100000000000000000, 0
1306, 01000001111100011000010100011111, 0
1307, 01000001111100011000010100011111, 0
1308, 01000001111100011000010100011111, 0
1309, 01000001111100001111010111000011, 0
1310, 01000001111100001111010111000011, 0
1311, 01000001111100000111101011100001, 0
1312, 01000001111100000111101011100001, 0
1313, 01000001111100000111101011100001, 0
1314, 01000001111100000000000000000000, 0
1315, 01000001111100000000000000000000, 0
1316, 01000001111011111000010100011111, 0
1317, 01000001111011111000010100011111, 0
1318, 01000001111011111000010100011111, 0
1319, 01000001111011111000010100011111, 0
1320, 01000001111011101111010111000011, 0
1321, 01000001111011101111010111000011, 0
1322, 01000001111011101111010111000011, 0
1323, 01000001111011101111010111000011, 0
1324, 01000001111011100111101011100001, 0
1325, 01000001111011101111010111000011, 0
1326, 01000001111011100111101011100001, 0
1327, 01000001111011100111101011100001, 0
1328, 01000001111011100000000000000000, 0
1329, 01000001111011100111101011100001, 0
1330, 01000001111011100000000000000000, 0
1331, 01000001111011011000010100011111, 0
1332, 01000001111011100000000000000000, 0
1333, 01000001111011011000010100011111, 0
1334, 01000001111011011000010100011111, 0
1335, 01000001111011011000010100011111, 0
1336, 01000001111011001111010111000011, 0
1337, 01000001111011001111010111000011, 0
1338, 01000001111011001111010111000011, 0
1339, 01000001111011000111101011100001, 0
1340, 01000001111011000111101011100001, 0
1341, 01000001111011001111010111000011, 0
1342, 01000001111011000000000000000000, 0
1343, 01000001111011000111101011100001, 0
1344, 01000001111011000111101011100001, 0
1345, 01000001111011000000000000000000, 0
1346, 01000001111011000000000000000000, 0
1347, 01000001111011000000000000000000, 0
1348, 01000001111011000000000000000000, 0
1349, 01000001111011000000000000000000, 0
1350, 01000001111011000000000000000000, 0
1351, 01000001111011000000000000000000, 0
1352, 01000001111010111000010100011111, 0
1353, 01000001111010111000010100011111, 0
1354, 01000001111010101111010111000011, 0
1355, 01000001111010111000010100011111, 0
1356, 01000001111010101111010111000011, 0
1357, 01000001111010101111010111000011, 0
1358, 01000001111010101111010111000011, 0
1359, 01000001111010101111010111000011, 0
1360, 01000001111010100111101011100001, 0
1361, 01000001111010100111101011100001, 0
1362, 01000001111010100000000000000000, 0
1363, 01000001111010100000000000000000, 0
1364, 01000001111010100000000000000000, 0
1365, 01000001111010011000010100011111, 0
1366, 01000001111010100000000000000000, 0
1367, 01000001111010011000010100011111, 0
1368, 01000001111010100000000000000000, 0
1369, 01000001111010100000000000000000, 0
1370, 01000001111010011000010100011111, 0
1371, 01000001111010011000010100011111, 0
1372, 01000001111010100000000000000000, 0
1373, 01000001111010011000010100011111, 0
1374, 01000001111010001111010111000011, 0
1375, 01000001111010001111010111000011, 0
1376, 01000001111010001111010111000011, 0
1377, 01000001111010001111010111000011, 0
1378, 01000001111010001111010111000011, 0
1379, 01000001111010001111010111000011, 0
1380, 01000001111010000111101011100001, 0
1381, 01000001111010000111101011100001, 0
1382, 01000001111010000111101011100001, 0
1383, 01000001111010000111101011100001, 0
1384, 01000001111010000111101011100001, 0
1385, 01000001111010000111101011100001, 0
1386, 01000001111010000000000000000000, 0
1387, 01000001111010000000000000000000, 0
1388, 01000001111010000000000000000000, 0
1389, 01000001111001111000010100011111, 0
1390, 01000001111001111000010100011111, 0
1391, 01000001111001101111010111000011, 0
1392, 01000001111001111000010100011111, 0
1393, 01000001111001111000010100011111, 0
1394, 01000001111001101111010111000011, 0
1395, 01000001111001100111101011100001, 0
1396, 01000001111001101111010111000011, 0
1397, 01000001111001100111101011100001, 0
1398, 01000001111001100111101011100001, 0
1399, 01000001111001100111101011100001, 0
1400, 01000001111001100111101011100001, 0
1401, 01000001111001100000000000000000, 0
1402, 01000001111001100000000000000000, 0
1403, 01000001111001100000000000000000, 0
1404, 01000001111001011000010100011111, 0
1405, 01000001111001100000000000000000, 0
1406, 01000001111001011000010100011111, 0
1407, 01000001111001011000010100011111, 0
1408, 01000001111001011000010100011111, 0
1409, 01000001111001011000010100011111, 0
1410, 01000001111001011000010100011111, 0
1411, 01000001111001011000010100011111, 0
1412, 01000001111001011000010100011111, 0
1413, 01000001111001001111010111000011, 0
1414, 01000001111001001111010111000011, 0
1415, 01000001111001001111010111000011, 0
1416, 01000001111001001111010111000011, 0
1417, 01000001111001000111101011100001, 0
1418, 01000001111001000111101011100001, 0
1419, 01000001111001000111101011100001, 0
1420, 01000001111001000111101011100001, 0
1421, 01000001111001000111101011100001, 0
1422, 01000001111001000000000000000000, 0
1423, 01000001111001000000000000000000, 0
1424, 01000001111001000000000000000000, 0
1425, 01000001111001000000000000000000, 0
1426, 01000001111001000000000000000000, 0
1427, 01000001111000111000010100011111, 0
1428, 01000001111001000000000000000000, 0
1429, 01000001111000111000010100011111, 0
1430, 01000001111001000000000000000000, 0
1431, 01000001111001000000000000000000, 0
1432, 01000001111001000000000000000000, 0
1433, 01000001111001000111101011100001, 0
1434, 01000001111001000000000000000000, 0
1435, 01000001111001000000000000000000, 0
1436, 01000001111001000111101011100001, 0
1437, 01000001111001000111101011100001, 0
1438, 01000001111001000000000000000000, 0
1439, 01000001111001000000000000000000, 0
1440, 01000001111001000000000000000000, 0
1441, 01000001111001000111101011100001, 0
1442, 01000001111001000000000000000000, 0
1443, 01000001111001000000000000000000, 0
1444, 01000001111000111000010100011111, 0
1445, 01000001111001000000000000000000, 0
1446, 01000001111001000000000000000000, 0
1447, 01000001111001000000000000000000, 0
1448, 01000001111001000000000000000000, 0
1449, 01000001111000111000010100011111, 0
1450, 01000001111000111000010100011111, 0
1451, 01000001111000111000010100011111, 0
1452, 01000001111000111000010100011111, 0
1453, 01000001111000111000010100011111, 0
1454, 01000001111000111000010100011111, 0
1455, 01000001111000101111010111000011, 0
1456, 01000001111000101111010111000011, 0
1457, 01000001111000101111010111000011, 0
1458, 01000001111000101111010111000011, 0
1459, 01000001111000100111101011100001, 0
1460, 01000001111000100111101011100001, 0
1461, 01000001111000101111010111000011, 0
1462, 01000001111000101111010111000011, 0
1463, 01000001111000101111010111000011, 0
1464, 01000001111000100111101011100001, 0
1465, 01000001111000101111010111000011, 0
1466, 01000001111000100111101011100001, 0
1467, 01000001111000100111101011100001, 0
1468, 01000001111000100111101011100001, 0
1469, 01000001111000100000000000000000, 0
1470, 01000001111000100111101011100001, 0
1471, 01000001111000101111010111000011, 0
1472, 01000001111000101111010111000011, 0
1473, 01000001111000100111101011100001, 0
1474, 01000001111000100111101011100001, 0
1475, 01000001111000101111010111000011, 0
1476, 01000001111000100111101011100001, 0
1477, 01000001111000101111010111000011, 0
1478, 01000001111000101111010111000011, 0
1479, 01000001111000101111010111000011, 0
1480, 01000001111000101111010111000011, 0
1481, 01000001111000100111101011100001, 0
1482, 01000001111000101111010111000011, 0
1483, 01000001111000101111010111000011, 0
1484, 01000001111000101111010111000011, 0
1485, 01000001111000111000010100011111, 0
1486, 01000001111000101111010111000011, 0
1487, 01000001111000100111101011100001, 0
1488, 01000001111000000111101011100001, 0
1489, 01000001111000001111010111000011, 0
1490, 01000001111000011000010100011111, 0
1491, 01000001111000011000010100011111, 0
1492, 01000001111000011000010100011111, 0
1493, 01000001111000011000010100011111, 0
1494, 01000001111000011000010100011111, 0
1495, 01000001111000011000010100011111, 0
1496, 01000001111000011000010100011111, 0
1497, 01000001111000011000010100011111, 0
1498, 01000001111000011000010100011111, 0
1499, 01000001111000011000010100011111, 0
1500, 01000001111000011000010100011111, 0
1501, 01000001111000011000010100011111, 0
1502, 01000001111000011000010100011111, 0
1503, 01000001111000011000010100011111, 0
1504, 01000001111000011000010100011111, 0
1505, 01000001111000011000010100011111, 0
1506, 01000001111000100000000000000000, 0
1507, 01000001111000011000010100011111, 0
1508, 01000001111000100000000000000000, 0
1509, 01000001111000100000000000000000, 0
1510, 01000001111000100000000000000000, 0
1511, 01000001111000100000000000000000, 0
1512, 01000001111000100000000000000000, 0
1513, 01000001111000100000000000000000, 0
1514, 01000001111000011000010100011111, 0
1515, 01000001111000011000010100011111, 0
1516, 01000001111000011000010100011111, 0
1517, 01000001111000100000000000000000, 0
1518, 01000001111000100000000000000000, 0
1519, 01000001111000011000010100011111, 0
1520, 01000001111000100000000000000000, 0
1521, 01000001111000011000010100011111, 0
1522, 01000001111000000111101011100001, 0
1523, 01000001111000001111010111000011, 0
1524, 01000001111000001111010111000011, 0
1525, 01000001111000000111101011100001, 0
1526, 01000001111000001111010111000011, 0
1527, 01000001111000001111010111000011, 0
1528, 01000001111000001111010111000011, 0
1529, 01000001111000000111101011100001, 0
1530, 01000001111000001111010111000011, 0
1531, 01000001111000000111101011100001, 0
1532, 01000001111000001111010111000011, 0
1533, 01000001111000011000010100011111, 0
1534, 01000001111000011000010100011111, 0
1535, 01000001111000100000000000000000, 0
1536, 01000001111000100000000000000000, 0
1537, 01000001111000100000000000000000, 0
1538, 01000001111000011000010100011111, 0
1539, 01000001111000011000010100011111, 0
1540, 01000001111000100000000000000000, 0
1541, 01000001111000100000000000000000, 0
1542, 01000001111000100000000000000000, 0
1543, 01000001111000100000000000000000, 0
1544, 01000001111000100000000000000000, 0
1545, 01000001111000100000000000000000, 0
1546, 01000001111000011000010100011111, 0
1547, 01000001111000001111010111000011, 0
1548, 01000001111000001111010111000011, 0
1549, 01000001111000001111010111000011, 0
1550, 01000001111000000111101011100001, 0
1551, 01000001111000000111101011100001, 0
1552, 01000001111000000000000000000000, 0
1553, 01000001111000000111101011100001, 0
1554, 01000001111000000111101011100001, 0
1555, 01000001111000000111101011100001, 0
1556, 01000001111000000111101011100001, 0
1557, 01000001111000000000000000000000, 0
1558, 01000001111000000111101011100001, 0
1559, 01000001111000000111101011100001, 0
1560, 01000001111000000111101011100001, 1
1561, 01000010001010110011110101110001, 0
1562, 01000010001011000011110101110001, 1
1563, 01000010001111100000000000000000, 0
1564, 01000010001110010000000000000000, 0
1565, 01000010001111010011110101110001, 0
1566, 01000010001111111100001010001111, 0
1567, 01000010001111100000000000000000, 1
1568, 01000010010100100000000000000000, 0
1569, 01000010010100010000000000000000, 1
1570, 01000010010111000011110101110001, 1
1571, 01000010011010100011110101110001, 0
1572, 01000010011010100000000000000000, 0
1573, 01000010011011010011110101110001, 0
1574, 01000010011001111100001010001111, 0
1575, 01000010011010101000010100011111, 0
1576, 01000010011100101100001010001111, 0
1577, 01000010011011010011110101110001, 1
1578, 01000010100000011011110101110001, 0
1579, 01000010100001001110000101001000, 0
1580, 01000010100001011000000000000000, 0
1581, 01000010100000001001111010111000, 1
1582, 01000010100011101110000101001000, 1
1583, 01000010100101011000000000000000, 0
1584, 01000010100100101000000000000000, 0
1585, 01000010100100011011110101110001, 0
1586, 01000010100101010001111010111000, 1
1587, 01000010100101111110000101001000, 0
1588, 01000010100100111110000101001000, 0
1589, 01000010100101100001111010111000, 1
1590, 01000010101010011110000101001000, 1
1591, 01000010100011110011110101110001, 1
1592, 01000010100111110001111010111000, 0
1593, 01000010100111110110000101001000, 0
1594, 01000010101001000110000101001000, 0
1595, 01000010101001001110000101001000, 1
1596, 01000010101010001000000000000000, 1
1597, 01000010101100011001111010111000, 1
1598, 01000010101010011000000000000000, 1
1599, 01000010101100010001111010111000, 1
1600, 01000010100111010011110101110001, 1
1601, 01000010101001001000000000000000, 1
1602, 01000010101100100001111010111000, 0
1603, 01000010101011101011110101110001, 0
1604, 01000010101011100110000101001000, 1
1605, 01000010100110000110000101001000, 1
1606, 01000010100011101000000000000000, 1
1607, 01000010101011110011110101110001, 1
1608, 01000010101111110000000000000000, 0
1609, 01000010101110111110000101001000, 1
1610, 01000010110010011000000000000000, 1
1611, 01000010101001100000000000000000, 0
1612, 01000010101010100110000101001000, 0
1613, 01000010101001100000000000000000, 1
1614, 01000010101111111000000000000000, 1
1615, 01000010110011001110000101001000, 0
1616, 01000010110100000011110101110001, 1
1617, 01000010110010100110000101001000, 1
1618, 01000010101111101110000101001000, 0
1619, 01000010110000001000000000000000, 1
1620, 01000010101100101011110101110001, 0
1621, 01000010101100000110000101001000, 0
1622, 01000010101100110110000101001000, 1
1623, 01000010110000000011110101110001, 1
1624, 01000010110010100001111010111000, 1
1625, 01000010110100000110000101001000, 0
1626, 01000010110011110000000000000000, 0
1627, 01000010110011111001111010111000, 1
1628, 01000010101010110011110101110001, 1
1629, 01000010110000101001111010111000, 1
1630, 01000010110010111110000101001000, 0
1631, 01000010110011100000000000000000, 0
1632, 01000010110011101011110101110001, 0
1633, 01000010110011011110000101001000, 0
1634, 01000010110011011011110101110001, 0
1635, 01000010110011011110000101001000, 0
1636, 01000010110011011001111010111000, 0
1637, 01000010110011011011110101110001, 0
1638, 01000010110011011110000101001000, 0
1639, 01000010110011010011110101110001, 0
1640, 01000010110011010011110101110001, 0
1641, 01000010110011001110000101001000, 0
1642, 01000010110011001001111010111000, 0
1643, 01000010110100000011110101110001, 0
1644, 01000010110100101000000000000000, 0
1645, 01000010110100111000000000000000, 0
1646, 01000010110100111001111010111000, 0
1647, 01000010110101001011110101110001, 0
1648, 01000010110100100001111010111000, 0
1649, 01000010110100100001111010111000, 0
1650, 01000010110100110011110101110001, 0
1651, 01000010110100110110000101001000, 0
1652, 01000010110100111001111010111000, 0
1653, 01000010110100110110000101001000, 0
1654, 01000010110100111000000000000000, 0
1655, 01000010110101000000000000000000, 0
1656, 01000010110101000110000101001000, 0
1657, 01000010110101000001111010111000, 0
1658, 01000010110101000011110101110001, 0
1659, 01000010110101011001111010111000, 0
1660, 01000010110101011110000101001000, 0
1661, 01000010110101100011110101110001, 0
1662, 01000010110101101001111010111000, 0
1663, 01000010110101000001111010111000, 0
1664, 01000010110100110110000101001000, 0
1665, 01000010110101000000000000000000, 0
1666, 01000010110101000000000000000000, 0
1667, 01000010110101001000000000000000, 0
1668, 01000010110101010011110101110001, 0
1669, 01000010110101011011110101110001, 0
1670, 01000010110101100000000000000000, 0
1671, 01000010110101010011110101110001, 0
1672, 01000010110101010011110101110001, 0
1673, 01000010110101010110000101001000, 0
1674, 01000010110101010001111010111000, 0
1675, 01000010110101011011110101110001, 0
1676, 01000010110101110000000000000000, 0
1677, 01000010110110000011110101110001, 1
1678, 01000010110001100000000000000000, 1
1679, 01000010110100111001111010111000, 0
1680, 01000010110101111110000101001000, 0
1681, 01000010110110010000000000000000, 0
1682, 01000010110101101011110101110001, 0
1683, 01000010110101010001111010111000, 0
1684, 01000010110100111110000101001000, 0
1685, 01000010110100111110000101001000, 0
1686, 01000010110100111001111010111000, 0
1687, 01000010110100111110000101001000, 0
1688, 01000010110101001001111010111000, 0
1689, 01000010110101001011110101110001, 0
1690, 01000010110101001001111010111000, 0
1691, 01000010110101010011110101110001, 0
1692, 01000010110101011000000000000000, 0
1693, 01000010110101010001111010111000, 0
1694, 01000010110110000110000101001000, 1
1695, 01000010111000011011110101110001, 0
1696, 01000010111000110000000000000000, 0
1697, 01000010111000101001111010111000, 0
1698, 01000010111000100110000101001000, 0
1699, 01000010111000011110000101001000, 0
1700, 01000010111000011000000000000000, 0
1701, 01000010111000010000000000000000, 0
1702, 00000000000000000000000000000000, 0
